fecha,codigosucursal,codigovariable,valor
22/03/2018,1,1,498830.57
22/03/2018,1,2,108.00
22/03/2018,1,3,4618.80
22/03/2018,1,4,159.00
22/03/2018,1,5,78.20
22/03/2018,1,6,453.48
22/03/2018,1,7,0.75
22/03/2018,1,8,22.00
22/03/2018,1,9,65311.06
22/03/2018,1,10,1.00
22/03/2018,1,11,299.00
22/03/2018,1,12,355202.17
22/03/2018,1,13,9.32
22/03/2018,1,14,5002.85
22/03/2018,1,15,453906.08
22/03/2018,1,16,11.00
22/03/2018,1,17,35726.92
22/03/2018,1,18,0.04
22/03/2018,1,19,0.00
22/03/2018,1,20,2.00
22/03/2018,1,21,1.00
22/03/2018,1,22,5.00
22/03/2018,1,23,2.00
22/03/2018,1,24,8.00
22/03/2018,1,25,3.00
22/03/2018,1,26,2.00
22/03/2018,1,27,0.00
22/03/2018,1,28,3.00
22/03/2018,1,29,2.00
22/03/2018,1,30,0.00
22/03/2018,1,31,3.00
22/03/2018,1,32,1.00
22/03/2018,1,33,3.00
22/03/2018,1,34,3.00
22/03/2018,1,35,1.00
22/03/2018,1,36,5.00
22/03/2018,1,37,9.00
22/03/2018,1,38,7.00
22/03/2018,1,39,0.00
22/03/2018,1,40,4.00
22/03/2018,2,1,228585.66
22/03/2018,2,2,77.00
22/03/2018,2,3,2968.64
22/03/2018,2,4,111.00
22/03/2018,2,5,70.96
22/03/2018,2,6,138.54
22/03/2018,2,7,0.43
22/03/2018,2,8,17.00
22/03/2018,2,9,48318.98
22/03/2018,2,10,0.00
22/03/2018,2,11,217.00
22/03/2018,2,12,123049.74
22/03/2018,2,13,8.28
22/03/2018,2,14,3155.12
22/03/2018,2,15,231655.56
22/03/2018,2,16,24.00
22/03/2018,2,17,92867.14
22/03/2018,2,18,0.11
22/03/2018,2,19,0.00
22/03/2018,2,20,2.00
22/03/2018,2,21,2.00
22/03/2018,2,22,2.00
22/03/2018,2,23,0.00
22/03/2018,2,24,5.00
22/03/2018,2,25,2.00
22/03/2018,2,26,1.00
22/03/2018,2,27,0.00
22/03/2018,2,28,1.00
22/03/2018,2,29,0.00
22/03/2018,2,30,1.00
22/03/2018,2,31,0.00
22/03/2018,2,32,0.00
22/03/2018,2,33,0.00
22/03/2018,2,34,1.00
22/03/2018,2,35,1.00
22/03/2018,2,36,4.00
22/03/2018,2,37,8.00
22/03/2018,2,38,3.00
22/03/2018,2,39,0.00
22/03/2018,2,40,0.00
22/03/2018,3,1,562953.55
22/03/2018,3,2,94.00
22/03/2018,3,3,5988.87
22/03/2018,3,4,134.00
22/03/2018,3,5,70.11
22/03/2018,3,6,281.48
22/03/2018,3,7,0.51
22/03/2018,3,8,13.00
22/03/2018,3,9,28321.24
22/03/2018,3,10,3.00
22/03/2018,3,11,314.00
22/03/2018,3,12,241766.82
22/03/2018,3,13,10.20
22/03/2018,3,14,6044.17
22/03/2018,3,15,544393.35
22/03/2018,3,16,4.00
22/03/2018,3,17,30274.46
22/03/2018,3,18,0.01
22/03/2018,3,19,1.00
22/03/2018,3,20,2.00
22/03/2018,3,21,0.00
22/03/2018,3,22,1.00
22/03/2018,3,23,0.00
22/03/2018,3,24,12.00
22/03/2018,3,25,11.00
22/03/2018,3,26,1.00
22/03/2018,3,27,0.00
22/03/2018,3,28,3.00
22/03/2018,3,29,1.00
22/03/2018,3,30,2.00
22/03/2018,3,31,0.00
22/03/2018,3,32,1.00
22/03/2018,3,33,5.00
22/03/2018,3,34,0.00
22/03/2018,3,35,1.00
22/03/2018,3,36,9.00
22/03/2018,3,37,0.00
22/03/2018,3,38,5.00
22/03/2018,3,39,0.00
22/03/2018,3,40,0.00
22/03/2018,5,1,527297.13
22/03/2018,5,2,91.00
22/03/2018,5,3,5794.47
22/03/2018,5,4,113.00
22/03/2018,5,5,66.50
22/03/2018,5,6,150.66
22/03/2018,5,7,0.33
22/03/2018,5,8,0.00
22/03/2018,5,9,0.00
22/03/2018,5,10,1.00
22/03/2018,5,11,359.00
22/03/2018,5,12,342206.54
22/03/2018,5,13,11.04
22/03/2018,5,14,6337.16
22/03/2018,5,15,478945.23
22/03/2018,5,16,13.00
22/03/2018,5,17,27031.36
22/03/2018,5,18,0.04
22/03/2018,5,19,0.00
22/03/2018,5,20,3.00
22/03/2018,5,21,0.00
22/03/2018,5,22,3.00
22/03/2018,5,23,6.00
22/03/2018,5,24,11.00
22/03/2018,5,25,3.00
22/03/2018,5,26,4.00
22/03/2018,5,27,4.00
22/03/2018,5,28,1.00
22/03/2018,5,29,2.00
22/03/2018,5,30,0.00
22/03/2018,5,31,0.00
22/03/2018,5,32,0.00
22/03/2018,5,33,5.00
22/03/2018,5,34,3.00
22/03/2018,5,35,0.00
22/03/2018,5,36,4.00
22/03/2018,5,37,1.00
22/03/2018,5,38,0.00
22/03/2018,5,39,0.00
22/03/2018,5,40,3.00
22/03/2018,6,1,110042.92
22/03/2018,6,2,29.00
22/03/2018,6,3,3794.58
22/03/2018,6,4,36.00
22/03/2018,6,5,83.78
22/03/2018,6,6,100.04
22/03/2018,6,7,0.43
22/03/2018,6,8,8.00
22/03/2018,6,9,14698.14
22/03/2018,6,10,0.00
22/03/2018,6,11,152.00
22/03/2018,6,12,31468.24
22/03/2018,6,13,5.29
22/03/2018,6,14,1851.07
22/03/2018,6,15,218432.41
22/03/2018,6,16,3.00
22/03/2018,6,17,3734.85
22/03/2018,6,18,0.02
22/03/2018,6,19,0.00
22/03/2018,6,20,1.00
22/03/2018,6,21,1.00
22/03/2018,6,22,0.00
22/03/2018,6,23,0.00
22/03/2018,6,24,1.00
22/03/2018,6,25,3.00
22/03/2018,6,26,0.00
22/03/2018,6,27,0.00
22/03/2018,6,28,0.00
22/03/2018,6,29,1.00
22/03/2018,6,30,0.00
22/03/2018,6,31,1.00
22/03/2018,6,32,0.00
22/03/2018,6,33,0.00
22/03/2018,6,34,0.00
22/03/2018,6,35,0.00
22/03/2018,6,36,1.00
22/03/2018,6,37,0.00
22/03/2018,6,38,2.00
22/03/2018,6,39,0.00
22/03/2018,6,40,4.00
22/03/2018,7,1,638575.72
22/03/2018,7,2,108.00
22/03/2018,7,3,5912.74
22/03/2018,7,4,145.00
22/03/2018,7,5,67.25
22/03/2018,7,6,290.26
22/03/2018,7,7,0.45
22/03/2018,7,8,13.00
22/03/2018,7,9,56446.23
22/03/2018,7,10,2.00
22/03/2018,7,11,315.00
22/03/2018,7,12,493787.28
22/03/2018,7,13,9.38
22/03/2018,7,14,5878.42
22/03/2018,7,15,469635.10
22/03/2018,7,16,9.00
22/03/2018,7,17,25514.27
22/03/2018,7,18,0.03
22/03/2018,7,19,0.00
22/03/2018,7,20,2.00
22/03/2018,7,21,2.00
22/03/2018,7,22,4.00
22/03/2018,7,23,1.00
22/03/2018,7,24,9.00
22/03/2018,7,25,11.00
22/03/2018,7,26,3.00
22/03/2018,7,27,1.00
22/03/2018,7,28,1.00
22/03/2018,7,29,0.00
22/03/2018,7,30,2.00
22/03/2018,7,31,5.00
22/03/2018,7,32,1.00
22/03/2018,7,33,0.00
22/03/2018,7,34,4.00
22/03/2018,7,35,5.00
22/03/2018,7,36,11.00
22/03/2018,7,37,11.00
22/03/2018,7,38,6.00
22/03/2018,7,39,0.00
22/03/2018,7,40,4.00
22/03/2018,8,1,139874.28
22/03/2018,8,2,44.00
22/03/2018,8,3,3178.96
22/03/2018,8,4,54.00
22/03/2018,8,5,57.87
22/03/2018,8,6,174.84
22/03/2018,8,7,0.29
22/03/2018,8,8,6.00
22/03/2018,8,9,20997.91
22/03/2018,8,10,2.00
22/03/2018,8,11,73.00
22/03/2018,8,12,0.00
22/03/2018,8,13,0.00
22/03/2018,8,14,0.00
22/03/2018,8,15,98610.91
22/03/2018,8,16,1.00
22/03/2018,8,17,208.09
22/03/2018,8,18,0.01
22/03/2018,8,19,0.00
22/03/2018,8,20,0.00
22/03/2018,8,21,0.00
22/03/2018,8,22,1.00
22/03/2018,8,23,1.00
22/03/2018,8,24,4.00
22/03/2018,8,25,2.00
22/03/2018,8,26,1.00
22/03/2018,8,27,0.00
22/03/2018,8,28,1.00
22/03/2018,8,29,1.00
22/03/2018,8,30,0.00
22/03/2018,8,31,0.00
22/03/2018,8,32,1.00
22/03/2018,8,33,0.00
22/03/2018,8,34,0.00
22/03/2018,8,35,1.00
22/03/2018,8,36,0.00
22/03/2018,8,37,0.00
22/03/2018,8,38,1.00
22/03/2018,8,39,0.00
22/03/2018,8,40,0.00
22/03/2018,9,1,538530.33
22/03/2018,9,2,98.00
22/03/2018,9,3,5495.21
22/03/2018,9,4,144.00
22/03/2018,9,5,71.99
22/03/2018,9,6,283.44
22/03/2018,9,7,0.69
22/03/2018,9,8,38.00
22/03/2018,9,9,133421.34
22/03/2018,9,10,7.00
22/03/2018,9,11,413.00
22/03/2018,9,12,446330.44
22/03/2018,9,13,10.99
22/03/2018,9,14,4419.11
22/03/2018,9,15,596945.32
22/03/2018,9,16,45.00
22/03/2018,9,17,186785.26
22/03/2018,9,18,0.11
22/03/2018,9,19,0.00
22/03/2018,9,20,1.00
22/03/2018,9,21,1.00
22/03/2018,9,22,6.00
22/03/2018,9,23,0.00
22/03/2018,9,24,21.00
22/03/2018,9,25,8.00
22/03/2018,9,26,3.00
22/03/2018,9,27,2.00
22/03/2018,9,28,2.00
22/03/2018,9,29,2.00
22/03/2018,9,30,1.00
22/03/2018,9,31,1.00
22/03/2018,9,32,2.00
22/03/2018,9,33,8.00
22/03/2018,9,34,3.00
22/03/2018,9,35,1.00
22/03/2018,9,36,5.00
22/03/2018,9,37,1.00
22/03/2018,9,38,6.00
22/03/2018,9,39,1.00
22/03/2018,9,40,4.00
22/03/2018,10,1,643864.88
22/03/2018,10,2,132.00
22/03/2018,10,3,4877.76
22/03/2018,10,4,239.00
22/03/2018,10,5,70.43
22/03/2018,10,6,160.97
22/03/2018,10,7,0.33
22/03/2018,10,8,38.00
22/03/2018,10,9,92692.44
22/03/2018,10,10,2.00
22/03/2018,10,11,418.00
22/03/2018,10,12,376303.27
22/03/2018,10,13,8.73
22/03/2018,10,14,4003.23
22/03/2018,10,15,559957.97
22/03/2018,10,16,65.00
22/03/2018,10,17,238459.36
22/03/2018,10,18,0.16
22/03/2018,10,19,0.00
22/03/2018,10,20,3.00
22/03/2018,10,21,1.00
22/03/2018,10,22,3.00
22/03/2018,10,23,2.00
22/03/2018,10,24,13.00
22/03/2018,10,25,6.00
22/03/2018,10,26,2.00
22/03/2018,10,27,3.00
22/03/2018,10,28,7.00
22/03/2018,10,29,1.00
22/03/2018,10,30,1.00
22/03/2018,10,31,3.00
22/03/2018,10,32,0.00
22/03/2018,10,33,9.00
22/03/2018,10,34,2.00
22/03/2018,10,35,0.00
22/03/2018,10,36,5.00
22/03/2018,10,37,14.00
22/03/2018,10,38,2.00
22/03/2018,10,39,1.00
22/03/2018,10,40,2.00
22/03/2018,11,1,1003979.05
22/03/2018,11,2,147.00
22/03/2018,11,3,6829.79
22/03/2018,11,4,246.00
22/03/2018,11,5,73.71
22/03/2018,11,6,250.99
22/03/2018,11,7,0.50
22/03/2018,11,8,50.00
22/03/2018,11,9,194209.19
22/03/2018,11,10,5.00
22/03/2018,11,11,649.00
22/03/2018,11,12,816840.04
22/03/2018,11,13,9.99
22/03/2018,11,14,6095.82
22/03/2018,11,15,953107.39
22/03/2018,11,16,29.00
22/03/2018,11,17,71624.42
22/03/2018,11,18,0.04
22/03/2018,11,19,2.00
22/03/2018,11,20,3.00
22/03/2018,11,21,0.00
22/03/2018,11,22,2.00
22/03/2018,11,23,2.00
22/03/2018,11,24,22.00
22/03/2018,11,25,13.00
22/03/2018,11,26,4.00
22/03/2018,11,27,1.00
22/03/2018,11,28,7.00
22/03/2018,11,29,0.00
22/03/2018,11,30,1.00
22/03/2018,11,31,5.00
22/03/2018,11,32,1.00
22/03/2018,11,33,6.00
22/03/2018,11,34,9.00
22/03/2018,11,35,3.00
22/03/2018,11,36,21.00
22/03/2018,11,37,4.00
22/03/2018,11,38,6.00
22/03/2018,11,39,0.00
22/03/2018,11,40,2.00
22/03/2018,12,1,167812.14
22/03/2018,12,2,48.00
22/03/2018,12,3,3496.09
22/03/2018,12,4,58.00
22/03/2018,12,5,76.46
22/03/2018,12,6,159.82
22/03/2018,12,7,0.49
22/03/2018,12,8,2.00
22/03/2018,12,9,4549.88
22/03/2018,12,10,2.00
22/03/2018,12,11,161.00
22/03/2018,12,12,113193.95
22/03/2018,12,13,10.00
22/03/2018,12,14,4716.41
22/03/2018,12,15,194568.99
22/03/2018,12,16,14.00
22/03/2018,12,17,57495.26
22/03/2018,12,18,0.09
22/03/2018,12,19,0.00
22/03/2018,12,20,0.00
22/03/2018,12,21,0.00
22/03/2018,12,22,2.00
22/03/2018,12,23,0.00
22/03/2018,12,24,5.00
22/03/2018,12,25,2.00
22/03/2018,12,26,1.00
22/03/2018,12,27,0.00
22/03/2018,12,28,1.00
22/03/2018,12,29,0.00
22/03/2018,12,30,0.00
22/03/2018,12,31,0.00
22/03/2018,12,32,0.00
22/03/2018,12,33,0.00
22/03/2018,12,34,1.00
22/03/2018,12,35,1.00
22/03/2018,12,36,1.00
22/03/2018,12,37,1.00
22/03/2018,12,38,0.00
22/03/2018,12,39,0.00
22/03/2018,12,40,2.00
22/03/2018,13,1,720312.82
22/03/2018,13,2,145.00
22/03/2018,13,3,4967.67
22/03/2018,13,4,220.00
22/03/2018,13,5,48.01
22/03/2018,13,6,300.13
22/03/2018,13,7,0.39
22/03/2018,13,8,28.00
22/03/2018,13,9,151813.26
22/03/2018,13,10,1.00
22/03/2018,13,11,296.00
22/03/2018,13,12,327164.53
22/03/2018,13,13,8.56
22/03/2018,13,14,5545.16
22/03/2018,13,15,348460.28
22/03/2018,13,16,51.00
22/03/2018,13,17,219580.45
22/03/2018,13,18,0.17
22/03/2018,13,19,1.00
22/03/2018,13,20,2.00
22/03/2018,13,21,3.00
22/03/2018,13,22,5.00
22/03/2018,13,23,6.00
22/03/2018,13,24,10.00
22/03/2018,13,25,8.00
22/03/2018,13,26,7.00
22/03/2018,13,27,3.00
22/03/2018,13,28,3.00
22/03/2018,13,29,5.00
22/03/2018,13,30,0.00
22/03/2018,13,31,0.00
22/03/2018,13,32,0.00
22/03/2018,13,33,5.00
22/03/2018,13,34,4.00
22/03/2018,13,35,1.00
22/03/2018,13,36,11.00
22/03/2018,13,37,2.00
22/03/2018,13,38,5.00
22/03/2018,13,39,0.00
22/03/2018,13,40,0.00
22/03/2018,15,1,568690.81
22/03/2018,15,2,87.00
22/03/2018,15,3,6536.68
22/03/2018,15,4,128.00
22/03/2018,15,5,75.94
22/03/2018,15,6,59.24
22/03/2018,15,7,0.17
22/03/2018,15,8,16.00
22/03/2018,15,9,83668.21
22/03/2018,15,10,2.00
22/03/2018,15,11,508.00
22/03/2018,15,12,441901.79
22/03/2018,15,13,9.54
22/03/2018,15,14,5665.41
22/03/2018,15,15,641234.04
22/03/2018,15,16,53.00
22/03/2018,15,17,231817.20
22/03/2018,15,18,0.10
22/03/2018,15,19,1.00
22/03/2018,15,20,2.00
22/03/2018,15,21,2.00
22/03/2018,15,22,4.00
22/03/2018,15,23,3.00
22/03/2018,15,24,13.00
22/03/2018,15,25,12.00
22/03/2018,15,26,1.00
22/03/2018,15,27,1.00
22/03/2018,15,28,3.00
22/03/2018,15,29,2.00
22/03/2018,15,30,0.00
22/03/2018,15,31,5.00
22/03/2018,15,32,0.00
22/03/2018,15,33,0.00
22/03/2018,15,34,2.00
22/03/2018,15,35,0.00
22/03/2018,15,36,6.00
22/03/2018,15,37,11.00
22/03/2018,15,38,1.00
22/03/2018,15,39,1.00
22/03/2018,15,40,0.00
22/03/2018,16,1,610746.66
22/03/2018,16,2,118.00
22/03/2018,16,3,5175.82
22/03/2018,16,4,198.00
22/03/2018,16,5,73.86
22/03/2018,16,6,101.79
22/03/2018,16,7,0.27
22/03/2018,16,8,34.00
22/03/2018,16,9,146649.88
22/03/2018,16,10,2.00
22/03/2018,16,11,488.00
22/03/2018,16,12,416015.23
22/03/2018,16,13,9.49
22/03/2018,16,14,5135.99
22/03/2018,16,15,659517.35
22/03/2018,16,16,80.00
22/03/2018,16,17,369272.29
22/03/2018,16,18,0.16
22/03/2018,16,19,0.00
22/03/2018,16,20,7.00
22/03/2018,16,21,3.00
22/03/2018,16,22,3.00
22/03/2018,16,23,2.00
22/03/2018,16,24,10.00
22/03/2018,16,25,3.00
22/03/2018,16,26,4.00
22/03/2018,16,27,4.00
22/03/2018,16,28,3.00
22/03/2018,16,29,0.00
22/03/2018,16,30,0.00
22/03/2018,16,31,0.00
22/03/2018,16,32,1.00
22/03/2018,16,33,0.00
22/03/2018,16,34,0.00
22/03/2018,16,35,0.00
22/03/2018,16,36,17.00
22/03/2018,16,37,0.00
22/03/2018,16,38,4.00
22/03/2018,16,39,0.00
22/03/2018,16,40,1.00
22/03/2018,17,1,404907.65
22/03/2018,17,2,60.00
22/03/2018,17,3,6748.46
22/03/2018,17,4,97.00
22/03/2018,17,5,57.00
22/03/2018,17,6,7.04
22/03/2018,17,7,0.01
22/03/2018,17,8,16.00
22/03/2018,17,9,39701.17
22/03/2018,17,10,2.00
22/03/2018,17,11,168.00
22/03/2018,17,12,93293.07
22/03/2018,17,13,10.08
22/03/2018,17,14,7176.39
22/03/2018,17,15,188674.57
22/03/2018,17,16,42.00
22/03/2018,17,17,204193.17
22/03/2018,17,18,0.25
22/03/2018,17,19,0.00
22/03/2018,17,20,0.00
22/03/2018,17,21,1.00
22/03/2018,17,22,4.00
22/03/2018,17,23,0.00
22/03/2018,17,24,6.00
22/03/2018,17,25,7.00
22/03/2018,17,26,0.00
22/03/2018,17,27,1.00
22/03/2018,17,28,2.00
22/03/2018,17,29,7.00
22/03/2018,17,30,1.00
22/03/2018,17,31,1.00
22/03/2018,17,32,0.00
22/03/2018,17,33,0.00
22/03/2018,17,34,0.00
22/03/2018,17,35,3.00
22/03/2018,17,36,7.00
22/03/2018,17,37,0.00
22/03/2018,17,38,0.00
22/03/2018,17,39,0.00
22/03/2018,17,40,0.00
22/03/2018,18,1,521545.20
22/03/2018,18,2,77.00
22/03/2018,18,3,6773.31
22/03/2018,18,4,145.00
22/03/2018,18,5,88.55
22/03/2018,18,6,158.04
22/03/2018,18,7,0.44
22/03/2018,18,8,37.00
22/03/2018,18,9,204959.49
22/03/2018,18,10,1.00
22/03/2018,18,11,437.00
22/03/2018,18,12,323856.63
22/03/2018,18,13,11.94
22/03/2018,18,14,6228.01
22/03/2018,18,15,472095.87
22/03/2018,18,16,25.00
22/03/2018,18,17,95568.21
22/03/2018,18,18,0.06
22/03/2018,18,19,1.00
22/03/2018,18,20,2.00
22/03/2018,18,21,1.00
22/03/2018,18,22,4.00
22/03/2018,18,23,3.00
22/03/2018,18,24,11.00
22/03/2018,18,25,5.00
22/03/2018,18,26,3.00
22/03/2018,18,27,1.00
22/03/2018,18,28,2.00
22/03/2018,18,29,3.00
22/03/2018,18,30,0.00
22/03/2018,18,31,1.00
22/03/2018,18,32,1.00
22/03/2018,18,33,0.00
22/03/2018,18,34,1.00
22/03/2018,18,35,1.00
22/03/2018,18,36,10.00
22/03/2018,18,37,5.00
22/03/2018,18,38,6.00
22/03/2018,18,39,1.00
22/03/2018,18,40,1.00
22/03/2018,19,1,637779.23
22/03/2018,19,2,100.00
22/03/2018,19,3,6377.79
22/03/2018,19,4,152.00
22/03/2018,19,5,71.67
22/03/2018,19,6,77.78
22/03/2018,19,7,0.23
22/03/2018,19,8,37.00
22/03/2018,19,9,100194.44
22/03/2018,19,10,5.00
22/03/2018,19,11,603.00
22/03/2018,19,12,449714.32
22/03/2018,19,13,9.95
22/03/2018,19,14,4941.92
22/03/2018,19,15,762071.76
22/03/2018,19,16,64.00
22/03/2018,19,17,290297.09
22/03/2018,19,18,0.11
22/03/2018,19,19,2.00
22/03/2018,19,20,6.00
22/03/2018,19,21,4.00
22/03/2018,19,22,4.00
22/03/2018,19,23,2.00
22/03/2018,19,24,9.00
22/03/2018,19,25,7.00
22/03/2018,19,26,1.00
22/03/2018,19,27,1.00
22/03/2018,19,28,0.00
22/03/2018,19,29,4.00
22/03/2018,19,30,0.00
22/03/2018,19,31,2.00
22/03/2018,19,32,0.00
22/03/2018,19,33,3.00
22/03/2018,19,34,5.00
22/03/2018,19,35,2.00
22/03/2018,19,36,8.00
22/03/2018,19,37,2.00
22/03/2018,19,38,2.00
22/03/2018,19,39,1.00
22/03/2018,19,40,4.00
22/03/2018,20,1,2544428.07
22/03/2018,20,2,273.00
22/03/2018,20,3,9320.25
22/03/2018,20,4,377.00
22/03/2018,20,5,148.68
22/03/2018,20,6,489.31
22/03/2018,20,7,0.39
22/03/2018,20,8,36.00
22/03/2018,20,9,167737.34
22/03/2018,20,10,6.00
22/03/2018,20,11,649.00
22/03/2018,20,12,1195388.71
22/03/2018,20,13,9.96
22/03/2018,20,14,6392.45
22/03/2018,20,15,944176.49
22/03/2018,20,16,51.00
22/03/2018,20,17,244543.75
22/03/2018,20,18,0.08
22/03/2018,20,19,2.00
22/03/2018,20,20,2.00
22/03/2018,20,21,5.00
22/03/2018,20,22,8.00
22/03/2018,20,23,2.00
22/03/2018,20,24,18.00
22/03/2018,20,25,14.00
22/03/2018,20,26,7.00
22/03/2018,20,27,4.00
22/03/2018,20,28,5.00
22/03/2018,20,29,10.00
22/03/2018,20,30,5.00
22/03/2018,20,31,6.00
22/03/2018,20,32,-1.00
22/03/2018,20,33,2.00
22/03/2018,20,34,6.00
22/03/2018,20,35,3.00
22/03/2018,20,36,12.00
22/03/2018,20,37,2.00
22/03/2018,20,38,7.00
22/03/2018,20,39,1.00
22/03/2018,20,40,6.00
22/03/2018,21,1,776914.30
22/03/2018,21,2,167.00
22/03/2018,21,3,4652.18
22/03/2018,21,4,217.00
22/03/2018,21,5,60.64
22/03/2018,21,6,129.49
22/03/2018,21,7,0.30
22/03/2018,21,8,4.00
22/03/2018,21,9,8998.91
22/03/2018,21,10,6.00
22/03/2018,21,11,544.00
22/03/2018,21,12,449511.24
22/03/2018,21,13,8.54
22/03/2018,21,14,4885.99
22/03/2018,21,15,684312.78
22/03/2018,21,16,110.00
22/03/2018,21,17,346002.22
22/03/2018,21,18,0.20
22/03/2018,21,19,1.00
22/03/2018,21,20,3.00
22/03/2018,21,21,1.00
22/03/2018,21,22,4.00
22/03/2018,21,23,3.00
22/03/2018,21,24,24.00
22/03/2018,21,25,8.00
22/03/2018,21,26,1.00
22/03/2018,21,27,1.00
22/03/2018,21,28,5.00
22/03/2018,21,29,3.00
22/03/2018,21,30,1.00
22/03/2018,21,31,2.00
22/03/2018,21,32,1.00
22/03/2018,21,33,6.00
22/03/2018,21,34,4.00
22/03/2018,21,35,0.00
22/03/2018,21,36,9.00
22/03/2018,21,37,3.00
22/03/2018,21,38,2.00
22/03/2018,21,39,0.00
22/03/2018,21,40,5.00
22/03/2018,22,1,534919.34
22/03/2018,22,2,104.00
22/03/2018,22,3,5143.46
22/03/2018,22,4,149.00
22/03/2018,22,5,66.87
22/03/2018,22,6,297.18
22/03/2018,22,7,0.57
22/03/2018,22,8,41.00
22/03/2018,22,9,155057.84
22/03/2018,22,10,5.00
22/03/2018,22,11,339.00
22/03/2018,22,12,369261.13
22/03/2018,22,13,8.24
22/03/2018,22,14,4395.97
22/03/2018,22,15,423133.45
22/03/2018,22,16,28.00
22/03/2018,22,17,135679.80
22/03/2018,22,18,0.08
22/03/2018,22,19,1.00
22/03/2018,22,20,2.00
22/03/2018,22,21,1.00
22/03/2018,22,22,5.00
22/03/2018,22,23,0.00
22/03/2018,22,24,14.00
22/03/2018,22,25,4.00
22/03/2018,22,26,0.00
22/03/2018,22,27,2.00
22/03/2018,22,28,1.00
22/03/2018,22,29,1.00
22/03/2018,22,30,1.00
22/03/2018,22,31,5.00
22/03/2018,22,32,0.00
22/03/2018,22,33,3.00
22/03/2018,22,34,3.00
22/03/2018,22,35,2.00
22/03/2018,22,36,6.00
22/03/2018,22,37,11.00
22/03/2018,22,38,2.00
22/03/2018,22,39,0.00
22/03/2018,22,40,1.00
22/03/2018,23,1,718132.44
22/03/2018,23,2,171.00
22/03/2018,23,3,4199.60
22/03/2018,23,4,234.00
22/03/2018,23,5,78.92
22/03/2018,23,6,71.10
22/03/2018,23,7,0.22
22/03/2018,23,8,41.00
22/03/2018,23,9,129380.46
22/03/2018,23,10,5.00
22/03/2018,23,11,662.00
22/03/2018,23,12,438570.70
22/03/2018,23,13,9.42
22/03/2018,23,14,4137.46
22/03/2018,23,15,0.00
22/03/2018,23,16,168.00
22/03/2018,23,17,781479.20
22/03/2018,23,18,0.25
22/03/2018,23,19,2.00
22/03/2018,23,20,4.00
22/03/2018,23,21,2.00
22/03/2018,23,22,9.00
22/03/2018,23,23,5.00
22/03/2018,23,24,11.00
22/03/2018,23,25,6.00
22/03/2018,23,26,1.00
22/03/2018,23,27,2.00
22/03/2018,23,28,5.00
22/03/2018,23,29,4.00
22/03/2018,23,30,2.00
22/03/2018,23,31,2.00
22/03/2018,23,32,0.00
22/03/2018,23,33,2.00
22/03/2018,23,34,4.00
22/03/2018,23,35,2.00
22/03/2018,23,36,8.00
22/03/2018,23,37,0.00
22/03/2018,23,38,2.00
22/03/2018,23,39,1.00
22/03/2018,23,40,0.00
22/03/2018,24,1,282602.81
22/03/2018,24,2,79.00
22/03/2018,24,3,3577.25
22/03/2018,24,4,121.00
22/03/2018,24,5,72.40
22/03/2018,24,6,141.30
22/03/2018,24,7,0.35
22/03/2018,24,8,17.00
22/03/2018,24,9,60895.41
22/03/2018,24,10,2.00
22/03/2018,24,11,226.00
22/03/2018,24,12,176585.93
22/03/2018,24,13,8.77
22/03/2018,24,14,4527.84
22/03/2018,24,15,632418.65
22/03/2018,24,16,24.00
22/03/2018,24,17,103808.77
22/03/2018,24,18,0.11
22/03/2018,24,19,0.00
22/03/2018,24,20,0.00
22/03/2018,24,21,1.00
22/03/2018,24,22,3.00
22/03/2018,24,23,0.00
22/03/2018,24,24,6.00
22/03/2018,24,25,3.00
22/03/2018,24,26,0.00
22/03/2018,24,27,1.00
22/03/2018,24,28,1.00
22/03/2018,24,29,3.00
22/03/2018,24,30,0.00
22/03/2018,24,31,1.00
22/03/2018,24,32,0.00
22/03/2018,24,33,3.00
22/03/2018,24,34,5.00
22/03/2018,24,35,0.00
22/03/2018,24,36,6.00
22/03/2018,24,37,1.00
22/03/2018,24,38,0.00
22/03/2018,24,39,0.00
22/03/2018,24,40,2.00
22/03/2018,25,1,848702.01
22/03/2018,25,2,166.00
22/03/2018,25,3,5112.66
22/03/2018,25,4,249.00
22/03/2018,25,5,59.81
22/03/2018,25,6,166.41
22/03/2018,25,7,0.23
22/03/2018,25,8,29.00
22/03/2018,25,9,81645.42
22/03/2018,25,10,4.00
22/03/2018,25,11,371.00
22/03/2018,25,12,391310.52
22/03/2018,25,13,7.51
22/03/2018,25,14,5360.42
22/03/2018,25,15,240999.87
22/03/2018,25,16,6.00
22/03/2018,25,17,16626.10
22/03/2018,25,18,0.02
22/03/2018,25,19,0.00
22/03/2018,25,20,3.00
22/03/2018,25,21,0.00
22/03/2018,25,22,3.00
22/03/2018,25,23,1.00
22/03/2018,25,24,6.00
22/03/2018,25,25,13.00
22/03/2018,25,26,1.00
22/03/2018,25,27,0.00
22/03/2018,25,28,0.00
22/03/2018,25,29,2.00
22/03/2018,25,30,4.00
22/03/2018,25,31,17.00
22/03/2018,25,32,0.00
22/03/2018,25,33,6.00
22/03/2018,25,34,3.00
22/03/2018,25,35,1.00
22/03/2018,25,36,10.00
22/03/2018,25,37,0.00
22/03/2018,25,38,4.00
22/03/2018,25,39,0.00
22/03/2018,25,40,6.00
22/03/2018,26,1,674686.19
22/03/2018,26,2,136.00
22/03/2018,26,3,4960.93
22/03/2018,26,4,196.00
22/03/2018,26,5,70.78
22/03/2018,26,6,151.61
22/03/2018,26,7,0.21
22/03/2018,26,8,32.00
22/03/2018,26,9,161523.36
22/03/2018,26,10,23.00
22/03/2018,26,11,289.00
22/03/2018,26,12,421242.13
22/03/2018,26,13,10.75
22/03/2018,26,14,5850.59
22/03/2018,26,15,445722.83
22/03/2018,26,16,13.00
22/03/2018,26,17,24471.68
22/03/2018,26,18,0.04
22/03/2018,26,19,1.00
22/03/2018,26,20,3.00
22/03/2018,26,21,1.00
22/03/2018,26,22,4.00
22/03/2018,26,23,0.00
22/03/2018,26,24,17.00
22/03/2018,26,25,10.00
22/03/2018,26,26,4.00
22/03/2018,26,27,2.00
22/03/2018,26,28,3.00
22/03/2018,26,29,1.00
22/03/2018,26,30,0.00
22/03/2018,26,31,1.00
22/03/2018,26,32,0.00
22/03/2018,26,33,2.00
22/03/2018,26,34,2.00
22/03/2018,26,35,0.00
22/03/2018,26,36,9.00
22/03/2018,26,37,0.00
22/03/2018,26,38,3.00
22/03/2018,26,39,0.00
22/03/2018,26,40,7.00
